<?xml version="1.0" encoding="UTF-8"?>
<!DOCTYPE mapper PUBLIC "-//mybatis.org//DTD Mapper 3.0//EN" "http://mybatis.org/dtd/mybatis-3-mapper.dtd">

<mapper namespace="com.dao.ChengshiDao">

	<!-- 可根据自己的需求，是否要使用 -->
    <resultMap type="com.entity.ChengshiEntity" id="chengshiMap">
        <result property="chengshimingcheng" column="chengshimingcheng"/>
    </resultMap>

	<select id="selectListVO"
		resultType="com.entity.vo.ChengshiVO" >
		SELECT * FROM chengshi  chengshi         
        <where> 1=1 ${ew.sqlSegment}</where>
	</select>
	
	<select id="selectVO"
		resultType="com.entity.vo.ChengshiVO" >
		SELECT  chengshi.* FROM chengshi  chengshi
 		<where> 1=1 ${ew.sqlSegment}</where>
	</select>

    <select id="selectListView"
		resultType="com.entity.view.ChengshiView" >

		SELECT  chengshi.* FROM chengshi  chengshi 	        
        <where> 1=1 ${ew.sqlSegment}</where>
	</select>
	
	<select id="selectView"
		resultType="com.entity.view.ChengshiView" >
		SELECT * FROM chengshi  chengshi <where> 1=1 ${ew.sqlSegment}</where>
	</select>
	

	
</mapper>
