<?xml version="1.0" encoding="UTF-8"?>
<!DOCTYPE mapper PUBLIC "-//mybatis.org//DTD Mapper 3.0//EN" "http://mybatis.org/dtd/mybatis-3-mapper.dtd">

<mapper namespace="com.dao.KongqizhuangkuangDao">

	<!-- 可根据自己的需求，是否要使用 -->
    <resultMap type="com.entity.KongqizhuangkuangEntity" id="kongqizhuangkuangMap">
        <result property="yanchen" column="yanchen"/>
        <result property="xuanfukeliwu" column="xuanfukeliwu"/>
        <result property="kexirukeli" column="kexirukeli"/>
        <result property="xikeliwu" column="xikeliwu"/>
        <result property="kongqizhiliangzhishu" column="kongqizhiliangzhishu"/>
        <result property="zhishujibie" column="zhishujibie"/>
        <result property="zhiliangzhishu" column="zhiliangzhishu"/>
        <result property="jilushijian" column="jilushijian"/>
        <result property="yonghuzhanghao" column="yonghuzhanghao"/>
        <result property="yonghuxingming" column="yonghuxingming"/>
        <result property="chengshimingcheng" column="chengshimingcheng"/>
    </resultMap>

	<select id="selectListVO"
		resultType="com.entity.vo.KongqizhuangkuangVO" >
		SELECT * FROM kongqizhuangkuang  kongqizhuangkuang         
        <where> 1=1 ${ew.sqlSegment}</where>
	</select>
	
	<select id="selectVO"
		resultType="com.entity.vo.KongqizhuangkuangVO" >
		SELECT  kongqizhuangkuang.* FROM kongqizhuangkuang  kongqizhuangkuang
 		<where> 1=1 ${ew.sqlSegment}</where>
	</select>

    <select id="selectListView"
		resultType="com.entity.view.KongqizhuangkuangView" >

		SELECT  kongqizhuangkuang.* FROM kongqizhuangkuang  kongqizhuangkuang 	        
        <where> 1=1 ${ew.sqlSegment}</where>
	</select>
	
	<select id="selectView"
		resultType="com.entity.view.KongqizhuangkuangView" >
		SELECT * FROM kongqizhuangkuang  kongqizhuangkuang <where> 1=1 ${ew.sqlSegment}</where>
	</select>
	

    <select id="selectValue" resultType="map" >
        SELECT ${params.xColumn}, sum(${params.yColumn}) total FROM kongqizhuangkuang
        <where> 1=1 ${ew.sqlSegment}</where>
        group by ${params.xColumn}
    </select>

    <select id="selectTimeStatValue" resultType="map" >
        <if test = 'params.timeStatType == "日"'>
                SELECT DATE_FORMAT(${params.xColumn},'%Y-%m-%d') ${params.xColumn}, sum(${params.yColumn}) total FROM kongqizhuangkuang
                <where> 1=1 ${ew.sqlSegment}</where>
                group by DATE_FORMAT(${params.xColumn},'%Y-%m-%d')
        </if>
        <if test = 'params.timeStatType == "月"'>
                SELECT DATE_FORMAT(${params.xColumn},'%Y-%m') ${params.xColumn}, sum(${params.yColumn}) total FROM kongqizhuangkuang
                <where> 1=1 ${ew.sqlSegment}</where>
                group by DATE_FORMAT(${params.xColumn},'%Y-%m')
        </if>
        <if test = 'params.timeStatType == "年"'>
                SELECT DATE_FORMAT(${params.xColumn},'%Y') ${params.xColumn}, sum(${params.yColumn}) total FROM kongqizhuangkuang
                <where> 1=1 ${ew.sqlSegment}</where>
                group by DATE_FORMAT(${params.xColumn},'%Y')
        </if>
    </select>
   
    <select id="selectGroup" resultType="map" >
        SELECT ${params.column} , count(1) total FROM kongqizhuangkuang  
        <where> 1=1 ${ew.sqlSegment}</where>
        group by ${params.column}
    </select>
	
</mapper>
