<?xml version="1.0" encoding="UTF-8"?>
<!DOCTYPE mapper PUBLIC "-//mybatis.org//DTD Mapper 3.0//EN" "http://mybatis.org/dtd/mybatis-3-mapper.dtd">

<mapper namespace="com.dao.QihouxinxiDao">

	<!-- 可根据自己的需求，是否要使用 -->
    <resultMap type="com.entity.QihouxinxiEntity" id="qihouxinxiMap">
        <result property="tianqimingcheng" column="tianqimingcheng"/>
        <result property="tupian" column="tupian"/>
        <result property="junzhi" column="junzhi"/>
        <result property="zongliang" column="zongliang"/>
        <result property="pinlv" column="pinlv"/>
        <result property="jizhi" column="jizhi"/>
        <result property="bianlv" column="bianlv"/>
        <result property="chushiriqi" column="chushiriqi"/>
        <result property="chixurishu" column="chixurishu"/>
        <result property="jieshuriqi" column="jieshuriqi"/>
        <result property="qihouxiangqing" column="qihouxiangqing"/>
        <result property="fabushijian" column="fabushijian"/>
        <result property="yonghuzhanghao" column="yonghuzhanghao"/>
        <result property="yonghuxingming" column="yonghuxingming"/>
        <result property="chengshimingcheng" column="chengshimingcheng"/>
    </resultMap>

	<select id="selectListVO"
		resultType="com.entity.vo.QihouxinxiVO" >
		SELECT * FROM qihouxinxi  qihouxinxi         
        <where> 1=1 ${ew.sqlSegment}</where>
	</select>
	
	<select id="selectVO"
		resultType="com.entity.vo.QihouxinxiVO" >
		SELECT  qihouxinxi.* FROM qihouxinxi  qihouxinxi
 		<where> 1=1 ${ew.sqlSegment}</where>
	</select>

    <select id="selectListView"
		resultType="com.entity.view.QihouxinxiView" >

		SELECT  qihouxinxi.* FROM qihouxinxi  qihouxinxi 	        
        <where> 1=1 ${ew.sqlSegment}</where>
	</select>
	
	<select id="selectView"
		resultType="com.entity.view.QihouxinxiView" >
		SELECT * FROM qihouxinxi  qihouxinxi <where> 1=1 ${ew.sqlSegment}</where>
	</select>
	

	
</mapper>
